prekesId,pavadinimas,kaina,kiekis,tipas
1,Cladribine,93.15,145,Elektronika
2,Short/Giant Ragweed Mixture,22.77,152,Chemija
3,Stye Symptom Formula,64.49,6,Chemija
4,risperidone,35.73,97,Chemija
5,Triamcinolone Acetonide,9.56,75,Maistas
6,Lyrica,80.01,90,Maistas
7,Lamotrigine,57.38,60,Elektronika
8,Baclofen,37.68,40,Elektronika
9,EQUALINE,10.11,54,Elektronika
10,Meloxicam,54.33,77,Chemija
11,sunmark ibuprofen,97.72,53,Maistas
12,Viratrol,47.24,61,Elektronika
13,Terazosin,84.95,87,Chemija
14,Cherry,17.15,1,Elektronika
15,Non-Drowsy Sinus Daytime,60.39,111,Elektronika
16,California Live Oak,69.2,36,Maistas
17,Ciprofloxacin,85.93,42,Maistas
18,Sunmark womans laxative,62.48,151,Elektronika
19,Nifedipine,19.21,131,Elektronika
20,Mosquito,56.85,150,Chemija
21,Alcohol swab,26.7,159,Elektronika
22,Asper-Flex,18.16,129,Elektronika
23,SOLMATE,26.78,20,Elektronika
24,Pain Relief PM,28.54,33,Chemija
25,Dorzolamide Hydrochloride,26.58,152,Elektronika
26,No7 Stay Perfect Foundation Sunscreen SPF 15 Truffle,99.65,9,Elektronika
27,Clindamycin hydrochloride,24.76,153,Chemija
28,METFORMIN HYDROCHLORIDE,12.81,86,Elektronika
29,ACTIFIRM RECOVERY,63.86,93,Elektronika
30,Atorvastatin Calcium,24.23,91,Maistas
31,Amlodipine besylate,94.68,142,Maistas
32,Chinese Elm,69.72,32,Chemija
33,Aveeno Eczema Therapy Moisturizing,57.76,73,Chemija
34,Methocarbamol,49.86,87,Chemija
35,Perrigo Seb Prev,40.4,107,Maistas
36,Quinapril,81.67,50,Maistas
37,Polvos de Sulpha,95.5,83,Chemija
38,Alendronate Sodium,5.37,56,Elektronika
39,Cyclobenzaprine Hydrochloride,76.79,61,Chemija
40,RESTORIL,87.05,82,Maistas
41,Mucinex Sinus-Max,98.03,51,Elektronika
42,All Day Allergy Relief,14.24,138,Maistas
43,Argentum Nitricum,19.41,53,Elektronika
44,Panache,73.75,82,Maistas
45,ALOE ICE,72.68,127,Elektronika
46,REFRESH CELLUVISC,94.77,147,Elektronika
47,American Elm,58.71,54,Elektronika
48,Cromolyn Sodium,62.18,3,Elektronika
49,XtraCare Antifungal Foot,67.77,33,Maistas
50,Metoprolol Tartrate,52.85,35,Chemija
51,Cinnamic Acid,99.51,116,Elektronika
52,Diltiazem Hydrochloride,14.58,102,Chemija
53,LBEL Couleur luxe rouge irresistible maximum hydration SPF 17,37.8,60,Chemija
54,EZ Nite Sleep,89.97,118,Maistas
55,Methazolamide,49.11,41,Maistas
56,Ecoderm,39.69,87,Chemija
57,Irbesartan and Hydrochlorothiazide,17.86,2,Elektronika
58,Aspergillus flavus,81.94,58,Chemija
59,ATORVASTATIN CALCIUM,68.73,31,Maistas
60,Treatment Set TS349778,39.15,30,Chemija
61,Amoxicillin and Clavulanate Potassium,13.16,96,Elektronika
62,good neighbor pharmacy loratadine,9.06,121,Maistas
63,Carbamazepine,20.21,66,Chemija
64,Real Deal Foundation,80.29,72,Elektronika
65,Rite Aid Renewal Gold Deodorant,99.45,156,Elektronika
66,Olanzapine,95.42,43,Chemija
67,Smart Sense Acid Reducer,7.42,101,Maistas
68,GLIMEPIRIDE,35.19,90,Maistas
69,ANTIBACTERIAL,1.15,157,Maistas
70,Gemfibrozil,33.81,4,Maistas
71,Gentak,97.53,122,Chemija
72,Our Family,48.11,73,Elektronika
73,Donepezil Hydrochloride,62.45,38,Chemija
74,Ponderosa Pine,23.87,27,Chemija
75,MEDI-SULTING TOPICAL PAIN RELIEF,33.53,79,Maistas
76,Antispetic,56.1,85,Elektronika
77,Ibuprofen,12.28,126,Elektronika
78,Musk Marine,25.07,71,Elektronika
79,Botanics Complexion Refining Day Moisture Lotion Sunscreen SPF 12,71.98,65,Elektronika
80,CLARINS Broad Spectrum SPF 15 Sunscreen Care For Outdoor Sports,3.01,24,Chemija
81,ReHydration,69.38,9,Chemija
82,Oxycodone hydrochloride and Ibuprofen,4.85,13,Maistas
83,Atenolol,97.47,37,Maistas
84,Potassium Chloride in Dextrose and Sodium Chloride,96.66,71,Maistas
85,Amoxicillan,22.56,92,Maistas
86,Privet,74.72,132,Elektronika
87,PredniSONE,84.06,89,Maistas
88,BYDUREON,14.83,146,Chemija
89,"Butalbital, Acetaminophen, and Caffeine",67.67,148,Chemija
90,lisinopril,10.56,158,Chemija
91,ArthriPain Relief,29.24,114,Elektronika
92,PROPOLIS 90 AMPOULE,9.13,96,Maistas
93,ESIKA 3-IN-1 PRO MAKE UP FOUNDATION SPF 20 BASE DE MAQUILLAJE PARA ROSTRO 3-EN-1 PRO FPS 20,89.39,78,Chemija
94,Pioglitazone Hydrochloride,97.84,5,Maistas
95,MiniDrops,7.31,66,Elektronika
96,English Plantain,79.72,36,Maistas
97,diltiazem hydrochloride,45.52,154,Maistas
98,Meloxicam,92.04,15,Elektronika
99,Protamine Sulfate,17.59,128,Elektronika
100,Lidocaine Viscous,47.64,129,Chemija
101,Sysco,79.8,78,Elektronika
102,Sulwhasoo Lumitouch Foundation,61.12,109,Elektronika
103,PAMELOR,78.55,10,Maistas
104,up and up ibuprofen,42.18,137,Chemija
105,Vyvanse,5.69,69,Maistas
106,Rimmel London,61.97,93,Elektronika
107,OYSTER,6.26,27,Chemija
108,Bacitracin,68.4,90,Chemija
109,Oxycodone Hydrochloride,89.03,103,Chemija
110,Intralipid,17.24,107,Elektronika
111,cold relief,72.63,152,Chemija
112,Care One Hemorrhoidal,37.89,91,Elektronika
113,Doxycycline Hyclate,39.88,138,Elektronika
114,Neomycin Polymyxin B Sulfates and Dexamethasone,94.39,3,Maistas
115,SANCTURA,45.46,61,Maistas
116,Meloxicam,4.01,143,Maistas
117,Dark Spot Corrector,83.6,74,Elektronika
118,MS Contin,12.29,102,Elektronika
119,Quality Choice Nighttime Cold and Flu,1.33,31,Maistas
120,Clear Eyes Cooling Redness Relief,6.99,57,Maistas
121,Promethazine Hydrochloride and Codeine Phosphate,23.36,147,Chemija
122,Apis Gelsemium,39.74,22,Elektronika
123,good neighbor pharmacy night time,67.59,65,Maistas
124,CALMING,56.84,68,Maistas
125,Albuterol Sulfate,54.53,111,Maistas
126,SILVER SULFADIAZINE,23.77,105,Elektronika
127,AHC Complex Choice EGF Booster,46.64,93,Elektronika
128,soCALM Pain Relieving,19.06,126,Maistas
129,Meijer Cold Sore Treatment,45.21,117,Elektronika
130,Artificial Tears,74.07,43,Maistas
131,Rapamune,64.41,66,Elektronika
132,soCALM Pain Relieving,48.64,21,Elektronika
133,Lady Speed Stick,83.28,123,Chemija
134,California Live Oak,87.41,74,Maistas
135,Ondansetron Hydrochloride,8.85,139,Elektronika
136,ELF Clarifying Pressed,74.57,160,Elektronika
137,HEMORRHOIDS RELIEF,21.33,157,Chemija
138,Oxybutynin Chloride,92.05,56,Chemija
139,ZOFRAN,96.7,115,Maistas
140,Mefloquine Hydrochloride,83.21,29,Maistas
141,Fusarium oxysporum,84.21,107,Elektronika
142,Tartar Control Plus,36.86,158,Chemija
143,Irritable BowelCare,64.49,78,Chemija
144,"Dust, House Mixture",37.29,130,Elektronika
145,Safeway,50.84,140,Maistas
146,IDOLE CARROT,20.34,151,Elektronika
147,Plak Smacker,86.31,135,Elektronika
148,Rescue Remedy,34.64,59,Elektronika
149,Short Ragweed Pollen,27.41,69,Chemija
150,Lidocaine Hydrochloride,39.82,117,Chemija
151,Aurum Lavender Rose,72.48,99,Chemija
152,Femring,82.48,43,Maistas
153,HYDROCODONE BITARTRATE AND ACETAMINOPHEN,43.34,31,Maistas
154,GAP Favorite Lip Balm,55.44,47,Chemija
155,Cinnabar Dandelion,20.57,76,Elektronika
156,pain and fever,89.64,88,Chemija
157,Sinuforce,81.51,155,Chemija
158,Benzoyl Peroxide,77.16,46,Maistas
159,topcare lice treatment,41.28,90,Elektronika
160,Oxygen,4.0,127,Elektronika
161,Flavoxate Hydrochloride,18.57,34,Chemija
162,Signifor,39.97,37,Maistas
163,ENALAPRIL MALEATE,82.73,16,Chemija
164,Testim,54.52,78,Elektronika
165,NATURCOKSINUM FLU RELIEF,7.38,154,Maistas
166,Secret Outlast Invisible,39.1,7,Maistas
167,Advantage Weight Loss and Hunger Control,66.65,155,Elektronika
168,Yellow Pine Pollen,34.1,111,Chemija
169,Proctofoam,87.21,45,Elektronika
170,Good Sense anti diarrheal,73.28,141,Chemija
171,FIRST Dukes Mouthwash Compounding,84.95,132,Chemija
172,CC SPF 18,98.86,14,Chemija
173,No7 Protect and Perfect Foundation Sunscreen Broad Spectrum SPF 15 Cool Beige,31.3,137,Chemija
174,CVS Pharmacy Instant Hand Sanitizer With Aloe And Vitamin E,32.1,157,Chemija
175,Lisinopril,14.97,102,Chemija
176,Johnsons Baby Pure Cornstarch Medicated,25.61,159,Maistas
177,ADVAIR HFA,41.15,148,Maistas
178,Treatment Set TS339992,40.65,109,Chemija
179,White Poplar,16.43,113,Chemija
180,Acnecycline,62.6,38,Chemija
181,Desoximetasone,67.79,133,Chemija
182,Transderm Scop,87.94,54,Elektronika
183,Pyrilamine Maleate and Phenylephrine Hydrochloride,44.72,126,Maistas
184,Sodium Chloride,21.3,100,Maistas
185,Ban,25.35,41,Maistas
186,FELODIPINE,22.99,96,Chemija
187,Terragen HG Treatment,82.08,79,Elektronika
188,Promethazine hydrochloride,20.0,63,Chemija
189,OREGANO,4.64,55,Maistas
190,stop smoking aid,76.71,39,Elektronika
191,Ash Mixture,92.42,60,Elektronika
192,Chinese Elm,68.45,66,Elektronika
193,Benicar,36.33,150,Elektronika
194,hemorrhoidal,80.21,49,Elektronika
195,NUTRALOX,19.76,57,Maistas
196,DG BODY,73.63,121,Maistas
197,citroma,70.68,57,Elektronika
198,Female Tonic,82.83,131,Elektronika
199,Sinus Congestion and Pain Severe,93.03,147,Maistas
200,Bio Chicory,86.21,102,Chemija
201,Assured Instant Hand Sanitizer with Moisturizers Vitamin E and Aloe,2.39,143,Elektronika
202,No7 Protect and Perfect Foundation Sunscreen Broad Spectrum SPF 15 Wheat,94.16,51,Chemija
203,Risperidone,58.8,132,Elektronika
204,VISCO SHIELD,86.69,118,Elektronika
205,Meloxicam,2.95,119,Elektronika
206,Remedy Zinc Skin Protectant,42.17,71,Elektronika
207,"Pollens - Grasses, Johnson Grass Sorghum halepense",72.05,83,Elektronika
208,Azithromycin,74.53,20,Chemija
209,Oxycodone Hydrochloride,91.0,93,Chemija
210,AMOXICILLIN,24.01,113,Maistas
211,Divalproex Sodium,73.18,79,Maistas
212,Sunmark Nose,70.09,84,Chemija
213,Umecta Mousse,84.35,125,Elektronika
214,Sulfamethoxazole and Trimethoprim,63.66,114,Maistas
215,neobryxol Neb,89.18,23,Elektronika
216,Head and Shoulders,53.19,121,Maistas
217,Magnesia Phos Kit Refill,96.25,145,Elektronika
218,Dr G Whitening FORTIFIER by EGF,98.33,99,Elektronika
219,NYLOXIN,45.63,140,Elektronika
220,Pomegranate Antibacterial Foaming Hand Wash,5.09,27,Maistas
221,KAO-TIN PEPPERMINT FLAVOR,86.34,33,Maistas
222,Allspice,20.93,152,Elektronika
223,Softlips Peach Mango,5.96,102,Chemija
224,Renewal Anti-Wrinkle,29.78,82,Chemija
225,LACURA,3.78,46,Elektronika
226,Medi-Clean Antiseptic Hand Cleaner,48.42,160,Elektronika
227,Jason Pure Natural Sun Sport Natural Sunscreen Broad Spectrum SPF45,37.83,27,Maistas
228,Head and Shoulders,80.86,44,Chemija
229,7 select allergy,23.62,104,Elektronika
230,Vichy Laboratoire,57.13,117,Elektronika
231,GAMMAGARD,28.32,100,Chemija
232,Lidocaine Hydrochloride,30.18,1,Maistas
233,Evista,71.72,105,Elektronika
234,Cefadroxil,28.19,51,Chemija
235,Berkley and Jensen Pain Relief,42.52,89,Maistas
236,Kiehls Since 1851 Activated Sun Protector For Body Broad Spectrum SPF 50 Sunscreen,84.18,29,Maistas
237,BencoCaine Topical Anesthetic,89.84,90,Chemija
238,Lamotrigine,24.04,133,Maistas
239,PediaCare Childrens,47.83,20,Elektronika
240,Warfarin Sodium,96.95,129,Chemija
241,Quetiapine fumarate,63.66,99,Chemija
242,Lorazepam,65.5,22,Maistas
243,Adult Low Strength Aspirin,55.43,77,Elektronika
244,Neutrogena,40.23,25,Maistas
245,Heparin Sodium,29.19,99,Maistas
246,ADDICLENZ,53.64,28,Elektronika
247,USTILAGO TRITICI,85.36,18,Maistas
248,Prochlorperazine Maleate,70.19,101,Maistas
249,Jantoven,55.45,140,Maistas
250,BANDAGE,23.08,35,Elektronika
251,Equaline pain relief,9.19,85,Maistas
252,Fallback Solo,1.07,31,Elektronika
253,CHENOPODIUM AMBROSIOIDES POLLEN,88.89,72,Chemija
254,Quack Grass,12.74,63,Maistas
255,Day Time Cold and Flu Relief,6.37,57,Elektronika
256,Glycopyrrolate,42.37,135,Chemija
257,Cipro HC,44.02,107,Maistas
258,Thuja Occidentalis,18.48,56,Maistas
259,Montelukast Sodium,41.41,147,Chemija
260,Voltaren,52.18,4,Elektronika
261,Puncture Wounds Bites,19.75,28,Maistas
262,Nitroglycerin Slocaps,22.96,41,Elektronika
263,Maybelline New York,22.53,10,Maistas
264,NITETIME,14.0,92,Chemija
265,Dexamethasone Sodium Phosphate,80.63,26,Maistas
266,Omnitrope,90.64,17,Chemija
267,CENTER-AL - ZEA MAYS POLLEN,60.11,98,Elektronika
268,Lisinopril,88.79,140,Chemija
269,Match Perfection SPF 18,9.18,44,Elektronika
270,ENALAPRIL MALEATE,75.88,81,Elektronika
271,ULTRA CORRECTION LINE REPAIR,82.72,74,Chemija
272,Lidocaine,78.99,121,Chemija
273,Levico Prunus,87.27,82,Chemija
274,Divalproex Sodium,38.0,142,Maistas
275,Levothyroxine Sodium,99.5,55,Chemija
276,EXALGO,36.05,28,Elektronika
277,Levothyroxine Sodium,28.19,99,Chemija
278,ck one all day perfection face makeup,66.8,24,Maistas
279,Arth Arrest,23.74,69,Maistas
280,Acetaminophen,14.09,4,Elektronika
281,"Bioelements, Inc.",12.25,87,Elektronika
282,"Pollens - Weeds and Garden Plants, Sagebrush, Mugwort Artemisia vulgaris",3.65,14,Chemija
283,Minocycline hydrochloride,5.96,29,Chemija
284,Pancreas Meteoric Iron Special Order,3.88,37,Maistas
285,Glyburide and Metformin,17.5,32,Maistas
286,Oxygen,50.97,77,Elektronika
287,Venlafaxine Hydrochloride,57.18,26,Maistas
288,LEVOXYL,43.18,129,Maistas
289,medroxyprogesterone acetate,58.6,81,Elektronika
290,Proactiv Solution Extra Strength Formula Toner Acne Treatment,40.49,6,Chemija
291,Phentermine Hydrochloride,69.22,105,Elektronika
292,Losartan Potassium,46.14,37,Elektronika
293,naproxen sodium,49.34,41,Maistas
294,Chinese Elm,93.62,37,Chemija
295,equaline daytime severe cold and flu relief,81.27,144,Elektronika
296,Rizatriptan Benzoate,77.51,47,Elektronika
297,infants pain relief,97.91,145,Chemija
298,Propafenone HCl,57.94,146,Maistas
299,Chaetomium globosum,22.24,30,Chemija
300,Ondansetron,99.11,78,Chemija
301,Nitrofurantoin,45.96,67,Elektronika
302,Metalogin,99.82,77,Elektronika
303,Paroxetine Hydrochloride,28.1,158,Elektronika
304,Cefprozil,22.53,149,Maistas
305,Clindamycin Hydrochloride,38.2,139,Maistas
306,BETULA LENTA POLLEN,9.62,21,Maistas
307,Losartan Potassium,65.94,62,Chemija
308,Nifedipine,74.75,3,Chemija
309,Astragalus e rad. 1%,38.29,9,Elektronika
310,good sense cough dm,96.02,64,Elektronika
311,Cesium Chloride,50.77,11,Elektronika
312,Enpresse,17.46,138,Elektronika
313,CELTIS OCCIDENTALIS POLLEN,26.38,7,Elektronika
314,"Molds, Rusts and Smuts, Hormodendrum cladosporioides",86.0,100,Elektronika
315,Diclofenac Sodium and Misoprostol,97.0,62,Elektronika
316,Oxygen,62.86,144,Chemija
317,acetaminophen,21.4,74,Maistas
318,Kaletra,21.95,14,Elektronika
319,IsonaRif,45.13,57,Maistas
320,IOPE SUPER VITAL EXTRA MOIST B.B,99.65,153,Elektronika
321,METOPROLOL TARTRATE,34.31,54,Elektronika
322,dg health milk of magnesia,75.15,63,Chemija
323,Hydroxychloroquine sulfate,84.09,44,Elektronika
324,Benztropine Mesylate,30.16,101,Maistas
325,Antibacterial Hand - Ocean Fresh Scent,95.85,30,Maistas
326,Lombard Poplar Pollen,89.66,157,Chemija
327,Assured CREAMY PETROLEUM JELLY VITAMIN E ENRICHED,92.89,75,Maistas
328,Eve Lom Radiance Perfected Tinted Moisturiser Broad Spectrum SPF 15 Sunscreen,76.28,138,Elektronika
329,JANUVIA,3.46,152,Chemija
330,Disney PLANES FIRE and RESCUE ANTIBACTERIAL HAND WIPES,82.58,101,Maistas
331,BSS,29.85,17,Elektronika
332,Rifampin,86.96,99,Maistas
333,Sticky Baby Dust,44.63,46,Elektronika
334,good sense pain relief,45.99,46,Chemija
335,MUCINEX,52.29,74,Elektronika
336,Rx Act Hemorrhoidal,50.79,136,Maistas
337,"Smut, Corn",46.0,55,Chemija
338,sunmark Mucus er,39.12,127,Chemija
339,Propranolol Hydrochloride,23.68,4,Chemija
340,Dandruff,61.77,68,Chemija
341,Verapamil Hydrochloride,89.64,59,Chemija
342,MEDIQUE I-PRIN,49.58,23,Chemija
343,Purell Advanced Hand Sanitizer Tranquil Sunset,46.96,75,Chemija
344,XtraCare Anti-Dandruff Hair Cleanse,20.67,57,Maistas
345,Allergy Multi-Symptom,26.47,63,Chemija
346,FUCOIDAN HAIR TONIC,69.52,17,Chemija
347,enema,47.23,14,Elektronika
348,Cefepime,68.75,60,Elektronika
349,Orange Pekoe Tea,84.2,87,Elektronika
350,benzonatate,38.73,56,Maistas
351,Bupropion HydrochlorideXL,35.07,28,Maistas
352,LYSOL Healthy Touch,45.22,95,Chemija
353,Melissa Chamomilla,55.33,118,Elektronika
354,CD CAPTURE TOTALE Triple Correcting Serum Foundation Wrinkles-Dark Spots-Radiance with sunscreen Broad Spectrum SPF 25 030,10.57,95,Elektronika
355,Bupropion Hydrochloride,13.71,85,Elektronika
356,O HUI WHITE EXTREME CELLIGHT,19.78,4,Maistas
357,Degree Men,99.53,135,Chemija
358,THE YEON STYLE Y LONG WEAR PERFECT FIT BB,25.84,144,Elektronika
359,Alka-Seltzer Plus Fast Packs Cold and Flu Formula,36.87,15,Elektronika
360,Homeopathic Facial Redness Formula,68.07,105,Elektronika
361,acid reducer,91.33,51,Chemija
362,Alcohol-Free Anticavity,14.97,37,Chemija
363,Xanax,14.8,114,Elektronika
364,Zafirlukast,39.78,141,Chemija
365,cold relief,39.78,95,Maistas
366,LANEIGE SATIN FINISH TWIN PACT NO. 21,11.43,76,Elektronika
367,Sodium Chloride,63.24,48,Elektronika
368,Para Grass Pollen,50.3,95,Chemija
369,Pineapple,33.23,57,Chemija
370,complete,37.45,134,Chemija
371,Quinapril,14.18,76,Maistas
372,sildenafil,2.13,72,Chemija
373,Ibuprofen,88.7,43,Maistas
374,Refresh Tears Lubricant,99.21,41,Elektronika
375,Sertraline,47.62,157,Elektronika
376,Motion Sickness,89.0,16,Elektronika
377,HAWAIIAN TROPIC,26.28,98,Maistas
378,Estradiol,59.81,153,Chemija
379,RENEWAL,13.25,11,Elektronika
380,Aurum Crataegus Nausea Relief,21.19,156,Elektronika
381,SENSAI TRIPLE TOUCH COMPACT TC02,17.56,92,Maistas
382,Cysview,86.24,118,Elektronika
383,Theophylline,10.61,17,Maistas
384,ULTRASOL,41.74,119,Chemija
385,Olanzapine,97.06,142,Chemija
386,Glytone acne cleansing toner,22.34,118,Chemija
387,Good Neighbor Pharmacy Antacid,53.3,140,Chemija
388,Tiger Balm,53.51,119,Maistas
389,Natrum muriaticum,62.76,27,Chemija
390,PASPALUM NOTATUM POLLEN,23.24,78,Elektronika
391,PAXIL,51.5,47,Chemija
392,SHISEIDO RADIANT LIFTING FOUNDATION,86.83,100,Maistas
393,NoDoz,6.95,133,Elektronika
394,Neomycin Sulfate,21.85,18,Maistas
395,TopCare Omeprazole,48.32,140,Elektronika
396,Topcare Nite Time,26.96,122,Elektronika
397,Fanapt,45.83,157,Chemija
398,Naproxen Sodium,54.51,30,Maistas
399,Isopropyl Alcohol,68.0,30,Elektronika
400,Fexofenadine Hydrochloride,76.18,66,Maistas
401,Diltiazem Hydrochloride,19.55,151,Elektronika
402,Pantoprazole Sodium,91.73,86,Elektronika
403,Mint and Aloe Antibacterial Foaming Hand Wash,31.4,4,Chemija
404,Dextroamphetamine Sulfate,47.45,85,Chemija
405,SHISEIDO SUN PROTECTION FOUNDATION,23.77,59,Elektronika
406,Levemir,94.05,110,Chemija
407,Loratadine,98.17,14,Elektronika
408,Liver Tonic,44.65,39,Chemija
409,IXEMPRA,51.31,29,Maistas
410,Face and Body Sunscreen,86.23,22,Maistas
411,Dextrose and Sodium Chloride,63.59,149,Chemija
412,Liver Detox,77.73,117,Maistas
413,Next Choice,59.56,10,Chemija
414,Folic Acid,48.7,87,Maistas
415,Lyrica,1.66,149,Elektronika
416,Nesina,42.99,94,Chemija
417,Rimmel London,59.21,137,Maistas
418,Echinacea Quartz Gum Support,23.96,62,Maistas
419,Amitriptyline Hydrochloride,96.72,36,Chemija
420,Ondansetron Hydrochloride,9.0,116,Chemija
421,Inflammation OTC,55.24,23,Maistas
422,VENLAFAXINE HYDROCHLORIDE,11.37,131,Chemija
423,Clear,71.75,78,Chemija
424,tizanidine hydrochloride,24.48,115,Elektronika
425,severe sinus congestion,77.11,90,Chemija
426,PediaCare Childrens Cough and Congestion,34.95,124,Maistas
427,Cortisporin-TC,3.11,119,Elektronika
428,CareOne Miconazole 3,9.2,143,Elektronika
429,FormuCare Allergy Relief,29.39,11,Maistas
430,ChapIce Medicated Balm,2.84,40,Maistas
431,Creamy Diaper Rash,49.26,89,Elektronika
432,quetiapine fumarate,18.5,41,Elektronika
433,Irbesartan and Hydrochlorothiazide,22.03,66,Maistas
434,Erythrocin Stearate,81.3,117,Chemija
435,Ciprofloxacin,52.77,47,Maistas
436,Amiodarone hydrochloride,87.08,156,Elektronika
437,Flucytosine,36.42,82,Chemija
438,Lisinopril,29.3,59,Elektronika
439,Pyrogenium Kit Refill,60.81,127,Elektronika
440,Trazodone Hydrochloride,64.04,130,Maistas
441,EPICOCCUM NIGRUM,91.6,39,Elektronika
442,Frankincense and Myrrh Sciatica,71.39,10,Maistas
443,Antispetic,88.3,28,Elektronika
444,Bupropion Hydrochloride,71.0,44,Chemija
445,DENBLAN,55.43,12,Elektronika
446,ECHINACEA ANGUSTIFOLIA,62.07,87,Elektronika
447,Coppertone Wet n Clear,91.0,138,Elektronika
448,ACCURETIC,64.16,152,Chemija
449,Dove,61.71,5,Maistas
450,Leeks,52.07,4,Maistas
451,CLINIMIX,70.56,44,Maistas
452,MENTAL ALERTNESS SUPPORT,21.17,94,Maistas
453,Simvastatin,24.07,150,Chemija
454,Pioglitazone,14.73,113,Maistas
455,Hydroxyzine Hydrochloride,52.88,123,Elektronika
456,leader childrens pain reliever,45.71,131,Maistas
457,ATORVASTATIN CALCIUM,4.55,149,Maistas
458,WELLBUTRIN XL,49.66,145,Chemija
459,ESIKA,48.34,66,Elektronika
460,NORETHINDRONE,17.46,108,Maistas
461,Bupropion Hydrochloride,53.9,141,Maistas
462,Tetracaine,59.06,138,Elektronika
463,The Natural Dentist,40.35,145,Elektronika
464,SOLIDAGO CANADENSIS POLLEN,15.58,54,Maistas
465,Baclofen,17.85,133,Chemija
466,Acetylcysteine,25.91,2,Maistas
467,HYDROMORPHONE HYDROCHLORIDE,9.1,86,Elektronika
468,Oxygen-Nitrogen Mixture,21.21,84,Maistas
469,OXYGEN,49.45,20,Maistas
470,Pravastatin Sodium,75.03,23,Elektronika
471,Silky Smooth Anti-Perspirant Deodorant Invisible Solid,39.66,150,Maistas
472,benzonatate,86.64,149,Elektronika
473,Alprazolam,5.03,90,Elektronika
474,GUNA-HEMORRHOIDS,25.84,71,Elektronika
475,Clotrimazole,61.61,32,Maistas
476,Prunus spinosa e summ. 30 Special Order,39.08,16,Elektronika
477,BEING WELL BODY,97.63,124,Maistas
478,Pleo Ex,43.97,102,Maistas
479,lubricant and redness reliever,9.37,63,Chemija
480,doxepin hydrochloride,36.09,95,Chemija
481,Shao Lin Gao Pain Relieving Plaster,41.41,68,Chemija
482,Sumaxin CP,86.1,145,Elektronika
483,Ascorbic Acid,28.87,76,Maistas
484,Arnica Scorodite,62.86,61,Chemija
485,THE YEON CMK PORE BLEMISH BC,68.99,117,Maistas
486,Childrens Mucinex Multi-Symptom Cold,18.24,117,Elektronika
487,Mulberry,27.23,160,Maistas
488,Azithromycin,17.55,148,Maistas
489,mucus relief,97.47,127,Maistas
490,Amoxicillin and Clavulanate Potassium,59.74,109,Chemija
491,Clean and Refreshing Body Wash,4.68,121,Chemija
492,Up and UP Anticavity Toothpaste Whitening Plus Mouthwash,5.19,125,Chemija
493,Potassium Chloride,47.81,53,Elektronika
494,Tinted Moisturizer SPF20,68.96,122,Maistas
495,Dimenhydrinate,40.12,43,Elektronika
496,Valsartan and Hydrochlorothiazide,14.27,26,Elektronika
497,Diovan,18.34,138,Chemija
498,Bisoprolol Fumarate,7.34,122,Chemija
499,Hand Kleen Foaming Antibacterial Hand,85.19,23,Chemija
500,ANTIBACTERIAL FOAMING,29.85,49,Elektronika
501,SHISEIDO THE MAKEUP SHEER MATIFYING COMPACT (REFILL),63.52,39,Chemija
502,Amoxicillin and Clavulanate Potassium,90.65,99,Chemija
503,smart sense ranitidine,42.59,127,Chemija
504,healthy accents naproxen sodium,29.51,78,Elektronika
505,FEM Remedy,29.76,10,Elektronika
506,Clobetasol Propionate,25.67,109,Elektronika
507,Artalgia,68.12,45,Chemija
508,Levetiracetam,57.47,65,Elektronika
509,Ergocalciferol,9.05,106,Elektronika
510,Duloxetine hydrochloride,44.75,98,Maistas
511,Sulfamethoxazole and Trimethoprim,21.19,113,Elektronika
512,Meclizine Hydrochloride,23.12,68,Maistas
513,Atenolol,34.84,146,Maistas
514,Clearasil Ultra,66.51,69,Chemija
515,chest congestion,11.43,38,Chemija
516,Gaviscon,97.03,51,Chemija
517,INVOKANA,97.12,56,Maistas
518,Lice Treatment,9.41,5,Elektronika
519,Head Congestion Daytime and Nighttime Cold,31.7,34,Elektronika
520,good neighbor pharmacy pain relief,50.18,51,Elektronika
521,Exchange Select Sunscreen,27.8,151,Chemija
522,Low Dose Aspirin,78.83,143,Chemija
523,CEENU,35.6,126,Elektronika
524,Salt Grass,97.12,59,Chemija
525,Methyldopa,89.07,41,Maistas
526,Mend19 Wound Care,66.75,42,Elektronika
527,ChloraPrep One-Step,3.44,4,Chemija
528,Instant Hand Sanitizer - Cocoa Butter,12.62,95,Maistas
529,BIOSOLIS Sun Milk UVA Sunscreen Face and Body Broad Spectrum SPF30,21.12,71,Chemija
530,Steady Remedy No. 14,98.02,62,Maistas
531,citalopram hydrobromide,29.64,78,Maistas
532,Oxybutynin Chloride,70.59,54,Maistas
533,Hydroxyzine Hydrochloride,99.29,103,Maistas
534,FAGUS GRANDIFOLIA POLLEN,81.1,14,Maistas
535,BUSPIRONE HYDROCHLORIDE,26.75,141,Maistas
536,Benazepril Hydrochloride,9.16,61,Maistas
537,Carbidopa and Levodopa,56.34,136,Elektronika
538,LBEL COULEUR LUXE AMPLIFIER XP,33.21,32,Elektronika
539,Nembutal Sodium,20.72,114,Elektronika
540,Relief,79.19,136,Elektronika
541,Aspirin,22.28,32,Elektronika
542,flormar Foundation Sunscreen Broad Spectrum SPF 20 LF01 PORCELAIN,37.51,15,Chemija
543,ALMACONE DOUBLE STRENGTH,61.66,84,Maistas
544,SudoGest,75.73,77,Maistas
545,Sonacaine Topical Anesthetic With Menthol,28.31,39,Elektronika
546,Lansoprazole,63.78,30,Maistas
547,On Duty Sport,25.64,94,Maistas
548,SODIUM CHLORIDE,27.43,68,Chemija
549,Cotton Linters,5.41,65,Elektronika
550,Geri-Dryl allergy relief,18.74,21,Chemija
551,MORUS RUBRA POLLEN,68.12,150,Chemija
552,good sense complete lice treatment,4.99,54,Chemija
553,White Tea Antibacterial,12.17,4,Chemija
554,Platinum Cichorium,5.45,52,Maistas
555,harmon face values pain and fever,51.97,137,Elektronika
556,Idodent Flouride Mint,24.64,51,Elektronika
557,Covergirl Queen Collection All Day Flawless 3in1 Foundation,45.09,48,Elektronika
558,VYTORIN,42.47,130,Chemija
559,Paroxetine,62.83,88,Maistas
560,RISPERDAL,62.1,127,Elektronika
561,Metoprolol Tartrate,28.55,38,Elektronika
562,Temazepam,5.39,145,Chemija
563,Bisoprolol Fumarate and Hydrochlorothiazide,31.14,65,Maistas
564,MittiHeal,37.6,139,Maistas
565,fomepizole,83.89,54,Maistas
566,Calendula,97.1,67,Elektronika
567,Fenofibrate,87.8,121,Maistas
568,Digoxin,3.34,67,Chemija
569,Neutrogena Nourishing Long Wear Makeup Tone Correcting Complex Sunscreen Broad Spectrum SPF20,78.46,102,Chemija
570,Helium Oxygen Nitrogen mixture,28.81,99,Maistas
571,LEADER ANTIFUNGAL TOLNAFTATE,46.91,152,Chemija
572,Vivarin,71.81,35,Elektronika
573,Phendimetrazine Tartrate,99.99,120,Chemija
574,CPDA-1,46.16,7,Chemija
575,DG Health Cold and Flu Relief,9.48,67,Chemija
576,Sprayology Snore Soother,86.11,140,Chemija
577,Tizanidine Hydrochloride,29.5,31,Maistas
578,Salsalate,84.09,160,Elektronika
579,Neutrogena Ageless Intensives Tone Correcting Daily Moisturizer,78.09,8,Maistas
580,Amlodipine besylate and Atorvastatin calcium,89.88,28,Elektronika
581,Ondansetron,80.14,15,Chemija
582,Coppertone UltraGuard,13.2,51,Elektronika
583,Body Luxuries Sweet Lavender Hand Sanitizer,73.41,7,Elektronika
584,Holiday Treats Antibacterial Foaming Hand Wash,87.49,19,Maistas
585,ECOSAVE JAPANESE CHERRY BLOSSOM SOAP ANTIBACTERIAL HAND SOAP,9.69,52,Maistas
586,Amlodipine Besylate,27.42,45,Maistas
587,TrophAmine,86.41,118,Elektronika
588,Promolaxin,56.96,58,Elektronika
589,Trimethoprim sulfate and Polymyxin B sulfate,30.22,137,Elektronika
590,LBEL,58.35,145,Chemija
591,Gabapentin,29.11,128,Chemija
592,Banzel,85.62,32,Chemija
593,Crusader Ultra Skin Lightening,57.34,109,Maistas
594,Lemon Zest Antibacterial Foaming Hand Wash,21.98,112,Chemija
595,Spigelia Anthelmia Kit Refill,35.41,23,Chemija
596,ClearPrep FX,73.71,117,Maistas
597,Prednisone,96.14,90,Maistas
598,Pain Relief PM,10.6,118,Maistas
599,NHS Dyspepsia,71.22,150,Maistas
600,Chlorothiazide,37.23,4,Maistas
601,Trazodone Hydrochloride,39.33,81,Maistas
602,ONDANSETRON,2.41,78,Chemija
603,NovoLog Mix 70/30,77.69,125,Maistas
604,Lamotrigine,50.06,89,Maistas
605,Loratadine,61.25,157,Elektronika
606,ZYLOPRIM,41.01,10,Maistas
607,SHISEIDO SHEER MATIFYING COMPACT (REFILL),32.96,66,Chemija
608,Cocet Plus,22.91,156,Elektronika
609,Venlafaxine Hydrochloride,65.86,128,Elektronika
610,Cefuroxime Axetil,53.67,91,Chemija
611,Itchy Eye,23.25,40,Chemija
612,Ibuprofen,45.45,20,Elektronika
613,Levetiracetam,60.71,90,Maistas
614,equaline milk of magnesia,43.63,147,Elektronika
615,TYLENOL Cold Multi-Symptom Daytime,63.15,35,Maistas
616,DISCOUNT DRUG MART,14.82,155,Chemija
617,Hypopituitaryplex,20.49,159,Elektronika
618,Prochlorperazine Maleate,91.92,4,Elektronika
619,Arnica,51.22,120,Chemija
620,Octagam Immune Globulin (Human),19.71,46,Maistas
621,Gabapentin,54.52,104,Maistas
622,Divalproex Sodium Extended Release,7.64,5,Maistas
623,Deb Med Antimicrobial Foaming Hand Wash Fresh Grapefruit,59.89,95,Maistas
624,Ceftriaxone,70.36,118,Elektronika
625,Doxycycline,91.65,92,Elektronika
626,Tricode,33.55,146,Chemija
627,Monoclate-P,43.27,32,Elektronika
628,Hayfever,78.55,146,Maistas
629,equate daytime nitetime,51.74,58,Chemija
630,"Pollens - Trees, Tree of Heaven Ailanthus altissima",59.49,40,Maistas
631,Sovereign Silver,94.59,138,Elektronika
632,Potassium Chloride,56.11,46,Elektronika
633,iBaba,55.06,57,Maistas
634,ORCHID,73.03,152,Chemija
635,CELEBREX,52.59,48,Chemija
636,Cephalexin,83.43,49,Elektronika
637,Zinecard,35.2,141,Elektronika
638,Sleep Aid,68.67,17,Chemija
639,ASPERGILLUS NIGER VAR NIGER,14.97,6,Elektronika
640,Sooryehan Dabityoon Jiyoon Two way cake 23,5.69,144,Maistas
641,Hackberry,53.84,27,Elektronika
642,PrismaSol,2.29,9,Maistas
643,Oxaprozin,59.7,57,Elektronika
644,OMEOSPORT,21.19,106,Maistas
645,Green Guard Maximum Non-Aspirin,10.4,138,Maistas
646,Dextroamphetamine Saccharate and Amphetamine Aspartate and Dextroamphetamine Sulfate and Amphetamine Sulfate,60.21,86,Maistas
647,Clobex,39.57,19,Maistas
648,Menstrual Pain Relief,61.88,48,Chemija
649,care one pain relief,68.83,127,Maistas
650,Arrid XX Unscented,55.55,53,Maistas
651,Cialis,19.35,158,Elektronika
652,StaphWash Plus,37.28,85,Elektronika
653,COSOPT,41.68,92,Elektronika
654,Antacid,93.4,26,Chemija
655,RUMEX CRISPUS POLLEN,36.95,28,Chemija
656,Nicotine,63.86,20,Chemija
657,Econazole Nitrate,54.37,143,Maistas
658,ZAFIRLUKAST,13.27,93,Maistas
659,PredniSONE,54.91,122,Elektronika
660,Polymyxin B Sulfate and Trimethoprim,88.98,105,Chemija
661,Face and Body Sunscreen Spray,87.45,84,Elektronika
662,pharMAX fibro,25.34,86,Chemija
663,Tork Premium Hand Sanitizer Foam Alcohol-Free,25.61,125,Maistas
664,Dulcolax,79.8,67,Chemija
665,Hydrocortisone,19.07,139,Maistas
666,Ferrum Quartz,45.19,47,Maistas
667,Anti Acne Natural Volcanic Sulfur,95.88,43,Elektronika
668,miconazole 3,75.97,47,Elektronika
669,Antacid Antigas,68.94,159,Elektronika
670,GUNA-MATRIX,20.26,29,Maistas
671,Almond,73.91,81,Maistas
672,Chronic Fatigue Therapy,51.98,160,Chemija
673,Neutrogena Age Shield Face Oil Free,66.57,130,Maistas
674,berkley and jensen nicotine,74.92,48,Elektronika
675,Saline Nasal,73.46,22,Chemija
676,Lorazepam,98.51,137,Chemija
677,Irbesartan,82.88,27,Elektronika
678,Maybelline New York Baby Lips Quenched Moisturizing Lip Balm SPF 20 Sunscreen,51.19,75,Maistas
679,Luxury Cell Performance Toner,69.28,121,Maistas
680,Dexamethasone,35.64,127,Elektronika
681,Ropinirole Hydrochloride,29.03,37,Chemija
682,Baclofen,90.13,93,Maistas
683,Hydrochlorothiazide,39.92,11,Elektronika
684,Zolmitriptan,38.66,149,Maistas
685,Pain Relief,29.12,1,Maistas
686,Methylprednisolone,20.37,137,Elektronika
687,Cyclobenzaprine Hydrochloride,87.13,112,Elektronika
688,GARDASIL,10.6,47,Chemija
689,Vichy Normaderm,40.56,7,Chemija
690,"Animal Allergens, Feather Mix",30.79,152,Maistas
691,Tall Ragweed,10.6,61,Chemija
692,FLUMAZENIL,82.61,105,Elektronika
693,Akten,60.71,136,Maistas
694,Banana Boat Protect and Hydrate,25.13,152,Chemija
695,Herbion Naturals Mint Cough Drops,84.18,28,Elektronika
696,PASPALUM NOTATUM POLLEN,97.94,123,Maistas
697,Dextrose,87.05,29,Chemija
698,Horse Fly,12.96,93,Chemija
699,Health Mart Gas Relief,32.33,126,Maistas
700,DRY COUGH,87.02,158,Elektronika
701,Ropinirole Hydrochloride,60.25,25,Elektronika
702,Fresh Lavender Waterless Anti-Antibateria Hand Sanitizer,22.76,78,Chemija
703,Citalopram,2.66,55,Elektronika
704,Levothyroxine Sodium,27.31,95,Chemija
705,equaline allergy,49.9,132,Elektronika
706,Fiber,28.85,128,Maistas
707,Carelessweed,8.57,41,Maistas
708,Karaya Gum,77.16,13,Elektronika
709,LEVOCARNITINE,22.77,56,Maistas
710,Epicoccum nigrum,23.62,109,Elektronika
711,Medique Alamag,88.61,130,Maistas
712,BACK RELIEF,26.41,32,Chemija
713,Siltussin DM DAS Cough Formula,39.84,52,Chemija
714,Metformin Hydrochloride,29.24,58,Chemija
715,Milk of Magnesia Wild Cherry,59.33,66,Chemija
716,Rescon,55.93,41,Maistas
717,Insect Bites,9.86,45,Maistas
718,Sunscreen,81.89,133,Elektronika
719,SPIRONOLACTONE,80.06,74,Maistas
720,CD DiorSnow White Reveal UV Shield Foundation 012-Porcelain,40.76,64,Chemija
721,Rx Act Ibuprofen,86.58,98,Maistas
722,Horse Epithelium,78.04,68,Chemija
723,Total Tri-Estro,52.66,9,Maistas
724,ORCHID,48.44,153,Chemija
725,Smart Sense Stay Awake,46.05,152,Chemija
726,Clinpro Tooth Creme,71.13,3,Maistas
727,Fluconazole,46.51,3,Chemija
728,HYSAN PAIN RELIEVER,85.55,8,Elektronika
729,Methadone Hydrochloride,23.81,127,Maistas
730,Clindamycin Hydrochloride,63.45,15,Chemija
731,Ethambutol Hydrochloride,56.33,5,Elektronika
732,Norvasc,7.22,11,Elektronika
733,Peptic Relief,9.53,58,Chemija
734,Hydrogen Peroxide,50.77,60,Elektronika
735,Triton HS-777,76.88,90,Maistas
736,Diazepam,31.75,140,Chemija
737,HEADACHE,16.86,15,Chemija
738,Eczema,2.71,81,Maistas
739,SINGULAIR,98.62,52,Chemija
740,FLUVOXAMINE MALEATE,73.54,92,Chemija
741,Panama Jack,7.21,156,Maistas
742,Witch Hazel,45.72,121,Maistas
743,Eye Itch Relief,20.13,139,Maistas
744,Amlodipine and Benazepril Hydrochloride,52.66,96,Elektronika
745,equaline lice treatment,83.05,81,Elektronika
746,Glyburide,79.48,85,Chemija
747,Penicilium chrysogenum,17.33,34,Elektronika
748,Cefadroxil,7.19,75,Elektronika
749,NITROPRESS,44.41,20,Maistas
750,HAWAIIAN TROPIC,51.21,85,Elektronika
751,Arnica Echinacea,78.23,67,Maistas
752,Dexamethasone Sodium Phosphate,11.73,14,Elektronika
753,Heartburn Relief,8.69,69,Maistas
754,Vax,31.46,24,Chemija
755,Eve Lom Radiance Lift Foundation SPF 15,47.94,132,Chemija
756,Purminerals 4 in 1 Makeup SPF 15 Deepest,50.75,141,Chemija
757,Orphenadrine Citrate,80.53,25,Maistas
758,Prime Asthma Relief,29.41,47,Maistas
759,Chlorpromazine Hydrochloride,35.32,109,Maistas
760,Methylprednisolone,34.48,49,Maistas
761,Olive Pollen,67.93,142,Elektronika
762,Atomoxetine Hydrochloride,17.25,6,Chemija
763,Dental Care Advance Cleaning,10.67,139,Maistas
764,DIARREX,82.92,95,Chemija
765,AMPICILLIN,41.65,160,Maistas
766,DayTime NiteTime Cold and Flu,99.53,1,Maistas
767,Metoprolol Tartrate and Hydrochlorothiazide,94.97,127,Maistas
768,Womens Laxative,64.78,79,Maistas
769,ITCHY SKIN RASH,75.82,52,Elektronika
770,Senna,78.06,56,Elektronika
771,procureFirst Aid Antibio,69.45,108,Chemija
772,Fentanyl Citrate,34.72,144,Chemija
773,ShopRite Arthritis Pain,54.76,107,Chemija
774,Meloxicam,28.1,156,Elektronika
775,Pentoxifylline,16.72,11,Maistas
776,KENALOG-40,6.29,52,Chemija
777,PERICARDIUM TRIPLE WARMER MERIDIAN OPENER,52.33,140,Elektronika
778,COLLAGEN HD COVER BB,45.94,15,Maistas
779,Niaspan,37.46,119,Maistas
780,GOODSENSE LUBRICANT EYE DROPS,73.39,93,Elektronika
781,Psoriasin,20.11,12,Elektronika
782,Mirapharm-22,48.53,144,Maistas
783,Anti-bacterial Blue Raspberry Hand,51.06,106,Elektronika
784,Shopko,30.42,18,Chemija
785,Trileptal,64.44,140,Maistas
786,Tetracycline Hydrochloride,51.06,114,Maistas
787,Causticum Kit Refill,3.66,143,Maistas
788,NIGHT-TIME,69.61,71,Chemija
789,Nizatidine,23.86,113,Elektronika
790,Bicalutamide,20.24,83,Elektronika
791,Gillette Clear,11.17,74,Maistas
792,Carbon Dioxide-Oxygen-Nitrogen Mixture,34.27,17,Elektronika
793,POTASSIUM CHLORIDE,1.56,140,Maistas
794,Speed Stick,24.79,17,Maistas
795,Pomegranate Antibacterial Foaming Hand Wash,31.44,86,Chemija
796,DawnMist Antibacterial,13.39,146,Elektronika
797,Venlafaxine Hydrochloride,28.14,5,Chemija
798,flormar REBORN DOUBLE RADIANCE PRIMER HIGHLIGHTER SUNSCREEN BROAD SPECTRUM SPF 10,31.37,47,Chemija
799,good neighbor pharmacy complete,97.82,54,Chemija
800,Aspirin,70.0,105,Maistas
801,Sodium Chloride,50.3,78,Maistas
802,Fexofenadine Hydrochloride,33.27,11,Maistas
803,Treatment Set TS336683,55.15,49,Maistas
804,Etodolac,58.71,9,Chemija
805,Ropinirole,57.22,10,Chemija
806,Povidone Iodine,87.81,143,Elektronika
807,Gentle Laxative,41.21,145,Maistas
808,Hydrochlorothiazide,47.63,98,Chemija
809,Antiseptic Hand Gel,1.29,149,Chemija
810,SHISEIDO ULTIMATE SUN PROTECTION,41.26,62,Chemija
811,Dialyvite 5000,55.17,97,Chemija
812,DNA,10.18,143,Chemija
813,Finasteride,93.94,26,Chemija
814,PULMICORT RESPULES,74.15,87,Maistas
815,Piperacillin and Tazobactam,59.83,142,Chemija
816,Midazolam hydrochloride,77.38,13,Chemija
817,ibuprofen cold and sinus,40.47,158,Maistas
818,Safeway Home Lemon Scent,16.76,90,Chemija
819,Zenchent,15.8,81,Chemija
820,Metoclopramide,55.2,86,Maistas
821,Levofloxacin,8.53,157,Chemija
822,Golden Pear Antibacterial Foaming Hand Wash,67.93,51,Chemija
823,temazepam,76.28,2,Elektronika
824,Zicam Cold Remedy Ultra Rapidmelts,77.48,82,Maistas
825,QUALAQUIN,59.0,156,Maistas
826,Radiation Plus,54.66,16,Maistas
827,Zegerid,42.46,112,Maistas
828,Fexofenadine,60.24,3,Maistas
829,telmisartan and hydrochlorothiazide,23.56,86,Chemija
830,Allopurinol,8.1,114,Maistas
831,ClomiPHENE Citrate,87.39,34,Maistas
832,Sildenafil,79.46,57,Maistas
833,Ketorolac Tromethamine,47.99,67,Chemija
834,Healthy Accents infants pain and fever,17.26,154,Chemija
835,Ambien CR,19.53,133,Maistas
836,Antibacterial Hand Candy Cane,64.42,136,Elektronika
837,LYSOL Healthy Touch,83.91,51,Maistas
838,Quality Choice,55.09,160,Maistas
839,CENTER-AL - QUERCUS ALBA POLLEN,91.61,87,Elektronika
840,COLESTIPOL HYDROCHLORIDE,54.19,144,Chemija
841,TRUEplus diabetics foot care,39.19,160,Elektronika
842,Sotalol Hydrochloride,92.49,52,Maistas
843,Pioglitazone,81.91,126,Maistas
844,Cinnamon,43.21,24,Maistas
845,Losartan Potassium,61.96,147,Maistas
846,Buspirone hydrochloride,21.73,107,Chemija
847,SyImmune,78.16,159,Elektronika
848,AGAVE CACTUS,6.88,135,Chemija
849,Saccharomyces cerevisiae,33.55,94,Chemija
850,Bromday,98.03,137,Chemija
851,Mirtazapine,28.02,86,Elektronika
852,Indomethacin,28.86,129,Maistas
853,Glimepiride,39.74,117,Chemija
854,Rat Epithelium,85.22,21,Chemija
855,Aspirin,90.77,60,Elektronika
856,INTRON A,19.36,42,Maistas
857,Methotrexate,92.08,54,Elektronika
858,Treatment Set TS349274,78.92,28,Elektronika
859,ADVATE,56.29,86,Chemija
860,Lisinopril,28.35,120,Maistas
861,Trifluoperazine Hydrochloride,18.64,157,Maistas
862,Theophylline,22.32,107,Chemija
863,Avelox,89.95,74,Chemija
864,Pain Relief,27.33,83,Elektronika
865,Ondansetron Hydrochloride,8.58,10,Maistas
866,TRISPEC DMX Cough Suppressant Expectorant CHERRY RASPBERRY Flavor,92.43,9,Chemija
867,Penicillin G Potassium,10.76,88,Elektronika
868,Terazosin Hydrochloride,56.11,10,Chemija
869,Western Family Hemorrhoidal,22.37,120,Chemija
870,Lamotrigine,68.63,10,Maistas
871,SOOTHING AND MOISTURE ALOE VERA 90 PERCENT TONER,88.94,84,Maistas
872,Lovastatin,56.29,22,Maistas
873,TopCare Sinus and Allergy PE,66.15,51,Elektronika
874,smilecare,19.49,150,Maistas
875,Labetalol hydrochloride,84.41,136,Maistas
876,CVS PHARMACY,95.21,21,Maistas
877,EXALGO,56.63,45,Chemija
878,FAMOTIDINE,9.1,32,Chemija
879,Mephyton,46.27,45,Elektronika
880,CareOne Daily Moisturizer Broad Spectrum SPF15 Sunscreen,43.62,159,Chemija
881,EPZICOM,87.65,59,Maistas
882,Intermezzo,64.81,49,Maistas
883,Muscle Rub,67.64,60,Maistas
884,Academy Continuous Sport,6.98,136,Maistas
885,Rimmel London,47.58,149,Chemija
886,Hand Sanitizer,51.33,155,Maistas
887,Inflammation,32.53,107,Maistas
888,Frankincense and Myrrh Sciatica,77.88,39,Maistas
889,TRUSOPT,42.13,97,Elektronika
890,Cystotone,17.91,81,Chemija
891,Gas Relief,74.13,101,Elektronika
892,risperidone,22.72,73,Maistas
893,Levothroid,65.24,138,Maistas
894,leader stomach relief,92.74,91,Chemija
895,BPO 9 Foaming,83.53,91,Maistas
896,METOPROLOL SUCCINATE,73.03,44,Elektronika
897,ORCHID BY H E B,50.98,20,Chemija
898,Pitocin,26.4,106,Elektronika
899,Povidone Iodine Surgical Scrub,11.42,31,Maistas
900,Soft Cheat Brome,19.04,69,Maistas
901,Carvedilol,45.85,117,Maistas
902,lansoprazole,6.61,42,Chemija
903,Far Away Dreams,32.88,157,Maistas
904,Glyburide,92.36,37,Elektronika
905,Losartan Potassium,25.8,61,Chemija
906,Lithium Carbonate,26.01,104,Chemija
907,Anti Itch,90.33,81,Maistas
908,No7 Lifting and Firming Foundation Sunscreen SPF 15 Truffle,16.5,75,Maistas
909,Antara,69.33,20,Chemija
910,day time,82.37,14,Chemija
911,Captopril,91.68,109,Elektronika
912,Monistat 7 Combination Pack,76.36,100,Chemija
913,"Molds, Rusts and Smuts, Fusarium vasinfectum",62.53,106,Chemija
914,Dior Bronze Collagen Activ SPF 15 001,1.54,122,Chemija
915,ibuprofen,99.47,60,Chemija
916,Paregoric,37.83,143,Elektronika
917,FLOVENT,17.35,27,Chemija
918,dimethicone,55.04,113,Chemija
919,Levofloxacin,63.7,60,Maistas
920,Cefoxitin,20.99,121,Maistas
921,Rite Aid Ultimate Sheer,67.18,50,Maistas
922,PCXX NEUTRAL GEL RASPBERRY BLAST,33.99,27,Elektronika
923,Ampicillin,81.61,90,Maistas
924,Alfalco,86.18,34,Chemija
925,"Vital HGH Skin, Hair and Nails",73.6,12,Elektronika
926,Clear Eyes Travelers Eye Relief,16.12,124,Chemija
927,Sensitive Tooth Paste,57.32,93,Chemija
928,Hand Sanitizer,72.28,32,Elektronika
929,Cefazolin Sodium,61.76,124,Elektronika
930,nicotine,43.16,43,Elektronika
931,Oxygen,23.55,111,Chemija
932,aspirin,38.3,38,Chemija
933,LidAll,46.66,155,Chemija
934,Naproxen,77.74,66,Chemija
935,IVA XANTHIFOLIA POLLEN,30.45,107,Chemija
936,Up and Up Migraine Relief,72.81,138,Chemija
937,LBEL Couleur luxe rouge irresistible maximum hydration SPF 17,78.46,26,Elektronika
938,GLYCOPYRROLATE,92.36,50,Maistas
939,Hydrocodone Bitartrate And Acetaminophen,57.32,97,Maistas
940,Morgidox,13.55,101,Maistas
941,Orphenadrine Citrate,28.51,37,Maistas
942,Dreumex Omnicare,93.27,21,Maistas
943,Hydrochlorothiazide,34.78,39,Elektronika
944,Bionel,19.77,74,Chemija
945,Atenolol,75.42,80,Maistas
946,Aveeno Active Naturals Hydrosport Sunblock,50.44,117,Maistas
947,Gold Bond Ultimate Protection,86.66,91,Elektronika
948,Holiday EleganceFrosted Gingerbre,42.49,9,Chemija
949,IBUDONE,82.66,111,Elektronika
950,Tag Alder,14.59,122,Maistas
951,ANTIBACTERIAL,5.1,106,Maistas
952,Sertraline Hydrochloride,72.52,104,Elektronika
953,Nighttime Sleep Aid,1.88,139,Elektronika
954,Naproxen Sodium,5.43,100,Maistas
955,Optimal HCG Diet Plan,31.04,97,Maistas
956,Lovastatin,52.04,35,Elektronika
957,Good Sense Childrens Mucus Relief,43.03,53,Maistas
958,Tiny Cold,36.59,84,Chemija
959,Lidocaine,60.14,52,Chemija
960,Triamcinolone Acetonide,43.39,39,Chemija
961,Citalopram Hydrobromide,85.16,156,Maistas
962,DILAUDID,98.39,107,Elektronika
963,CENTER-AL - ATRIPLEX WRIGHTII POLLEN,42.12,38,Maistas
964,Free Radical,69.37,54,Maistas
965,RINGERS,65.81,129,Maistas
966,Ovaria Apis,97.26,10,Maistas
967,Balsam Poplar,18.56,66,Maistas
968,LEVAQUIN,44.75,34,Elektronika
969,HGH,52.88,112,Chemija
970,AVAPRO,71.3,100,Elektronika
971,Tizanidine,77.84,94,Elektronika
972,Zoledronic acid,16.63,91,Maistas
973,Moisture Renew,30.65,40,Chemija
974,BullFrog Super Block,34.27,159,Chemija
975,GENGRAF,75.56,26,Elektronika
976,rexall night time cold and flu,67.37,41,Maistas
977,TRICHOPHYTON MENTAGROPHYTES,64.22,20,Chemija
978,Lamotrigine,33.6,63,Elektronika
979,Natures Choice Vitamins A and D,72.31,62,Maistas
980,Phentermine Hydrochloride,78.61,26,Chemija
981,Propranolol Hydrochloride,19.09,97,Chemija
982,Nortriptyline Hydrochloride,4.38,4,Elektronika
983,BEPREVE,72.45,123,Maistas
984,Childrens Pain Relief Bubblegum,30.62,80,Maistas
985,RX Act Tussin,19.04,1,Maistas
986,Daytime Nighttime Cold Flu Relief,29.83,67,Chemija
987,Childrens Ibuprofen,53.45,10,Chemija
988,Pioglitazone hydrochloride and glimepiride,12.46,85,Elektronika
989,leader pain reliever,49.84,2,Maistas
990,HCG Cord,67.59,113,Elektronika
991,Kadian,88.9,140,Chemija
992,Betamethasone Dipropionate,33.06,21,Maistas
993,Alprazolam,5.06,134,Elektronika
994,Tandem DHA,43.97,90,Maistas
995,Primidone,91.43,80,Maistas
996,Lorazepam,76.48,159,Chemija
997,Clozapine,14.62,134,Maistas
998,Lisinopril,9.83,28,Chemija
999,Phenytoin Sodium,91.32,109,Maistas
1000,Fentanyl,68.28,69,Elektronika
